{
  "summary": {
    "n_episodes": 500,
    "success_rate": 0.146,
    "reward_mean": 0.23214666666666664,
    "reward_median": 0.0,
    "reward_p10": 0.0,
    "reward_p50": 0.0,
    "reward_p90": 1.4406666666666668,
    "steps_mean": 138.078,
    "steps_median": 151.0,
    "steps_p10": 84.9,
    "steps_p50": 151.0,
    "steps_p90": 151.0,
    "time_to_find_mean": 62.49315068493151,
    "time_to_find_median": 64.0,
    "time_to_find_p10": 7.4,
    "time_to_find_p50": 64.0,
    "time_to_find_p90": 118.19999999999999,
    "unique_cells_total_mean": 135.598,
    "revisit_fraction_mean": 0.7313282352574165,
    "mean_revisit_gap_mean": 2.232676134519416,
    "search_actions_mean": 224.826,
    "repeated_search_fraction_mean": 0.8050592300506145,
    "co_occupancy_fraction_mean": 0.5407221788106443,
    "mean_pairwise_distance_mean": 6.683088579088177,
    "mean_prob_at_visit_mean": 0.0025250970584586806,
    "mean_prob_at_search_mean": 0.006035540829813813,
    "entropy_drop_mean": -4.213149913402367,
    "backtrack_rate_mean": 0.034017219449694346,
    "stay_rate_mean": 0.5452524320200539
  },
  "run_info": {
    "checkpoint": "/vol/fob-vol1/nebenf23/baierluc/Sunny_Master/marl-dsse-roles/logs_train/ppo_lstm_S4/ray_res/DSSE_PPO_LSTM/PPO_LSTM/PPO_DSSE_PPO_LSTM_e6ddf_00000_0_2026-04-17_21-16-14/checkpoint_000117",
    "scenario": "configs/scenarios/S4_medium_30x30_4drones_highDisp.json",
    "model": "CNNLSTMModel"
  },
  "episodes_jsonl": "testresults/LSTM/_tmp/S4/eval_metrics_lstm_PPO_LSTM_checkpoint_000117.jsonl"
}