{
  "summary": {
    "n_episodes": 500,
    "success_rate": 0.898,
    "reward_mean": 1.6814399999999998,
    "reward_median": 1.8900000000000001,
    "reward_p10": 0.0,
    "reward_p50": 1.8900000000000001,
    "reward_p90": 1.95,
    "steps_mean": 22.656,
    "steps_median": 12.0,
    "steps_p10": 6.0,
    "steps_p50": 12.0,
    "steps_p90": 101.0,
    "time_to_find_mean": 13.757238307349667,
    "time_to_find_median": 11.0,
    "time_to_find_p10": 5.0,
    "time_to_find_p50": 11.0,
    "time_to_find_p90": 22.19999999999999,
    "unique_cells_total_mean": 23.524,
    "revisit_fraction_mean": 0.23035819871449228,
    "mean_revisit_gap_mean": 0.9454763350083597,
    "search_actions_mean": 21.258,
    "repeated_search_fraction_mean": 0.31165606072089147,
    "co_occupancy_fraction_mean": 0.12697506774084974,
    "mean_pairwise_distance_mean": 14.202837392346327,
    "mean_prob_at_visit_mean": 0.07016744113273686,
    "mean_prob_at_search_mean": 0.3212604360296883,
    "entropy_drop_mean": -1.9968585912373142,
    "backtrack_rate_mean": 0.0044383853769992395,
    "stay_rate_mean": 0.21249652760677248
  },
  "run_info": {
    "checkpoint": "/vol/fob-vol1/nebenf23/baierluc/Sunny_Master/marl-dsse-roles/logs_roles/ppo_cnn_roles_S1/ray_res/DSSE_PPO_CNN_R3DM/PPO_CNN_R3DM/PPO_DSSE_PPO_CNN_R3DM_59786_00000_0_2026-04-27_10-51-58/checkpoint_000170",
    "scenario": "configs/scenarios/S1_small_20x20_2drones_lowDisp.json",
    "model": "CNNModelR3DM"
  },
  "episodes_jsonl": "testresults/CNN_R3DM/_tmp/S1/eval_metrics_cnn_r3dm_PPO_CNN_R3DM_checkpoint_000170.jsonl",
  "role_0_fraction_mean": 0.7245789159076139,
  "role_0_fraction_std": 0.26400544331470294,
  "role_1_fraction_mean": 0.27542108409238597,
  "role_1_fraction_std": 0.26400544331470294,
  "role_entropy_mean_episode_mean": 0.0041299284182563095,
  "role_entropy_mean_episode_std": 0.013285113259146096,
  "role_entropy_std_episode_mean": 0.01696998979437462,
  "role_entropy_std_episode_std": 0.03949436721953826,
  "role_switches_total_mean": 0.878,
  "role_switches_total_std": 1.042648550567256,
  "role_switch_rate_episode_mean": 0.026935257445194642,
  "role_switch_rate_episode_std": 0.03424167971932122,
  "role_0_search_rate_mean": 0.2607918986925709,
  "role_0_search_rate_std": 0.2749560181211577,
  "role_1_search_rate_mean": 0.0334691164049881,
  "role_1_search_rate_std": 0.08092662830245999,
  "role_0_stay_rate_mean": 0.1843985881680974,
  "role_0_stay_rate_std": 0.28716575009116985,
  "role_1_stay_rate_mean": 0.020726077524741166,
  "role_1_stay_rate_std": 0.08033261776577626,
  "role_0_backtrack_rate_mean": 0.0050211911686571485,
  "role_0_backtrack_rate_std": 0.030518069888058507,
  "role_1_backtrack_rate_mean": 0.0,
  "role_1_backtrack_rate_std": 0.0,
  "role_0_visit_prob_mean_mean": 0.06918709020159372,
  "role_0_visit_prob_mean_std": 0.08730856843383103,
  "role_1_visit_prob_mean_mean": 0.015764209271173297,
  "role_1_visit_prob_mean_std": 0.036997018627449176,
  "role_0_search_prob_mean_mean": 0.35098039507519013,
  "role_0_search_prob_mean_std": 0.225882423314791,
  "role_1_search_prob_mean_mean": 0.36956070003167074,
  "role_1_search_prob_mean_std": 0.20323769342736656,
  "role_pair_dist_0_0_mean_mean": 9.957973930031677,
  "role_pair_dist_0_0_mean_std": 8.232789066643361,
  "role_pair_dist_0_1_mean_mean": 18.599527833313456,
  "role_pair_dist_0_1_mean_std": 4.48909346185497,
  "role_pair_dist_1_1_mean_mean": 14.610650700685184,
  "role_pair_dist_1_1_mean_std": 7.536593694605076,
  "role_pair_close_rate_0_0_mean": 0.2838898118533726,
  "role_pair_close_rate_0_0_std": 0.3990361052687885,
  "role_pair_close_rate_0_1_mean": 0.004835008741258741,
  "role_pair_close_rate_0_1_std": 0.059722389179812645,
  "role_pair_close_rate_1_1_mean": 0.054315912080748124,
  "role_pair_close_rate_1_1_std": 0.17911563717385207,
  "role_pair_same_cell_rate_0_0_mean": 0.19314241610306732,
  "role_pair_same_cell_rate_0_0_std": 0.3483548623777717,
  "role_pair_same_cell_rate_0_1_mean": 0.0,
  "role_pair_same_cell_rate_0_1_std": 0.0,
  "role_pair_same_cell_rate_1_1_mean": 0.04760116805463995,
  "role_pair_same_cell_rate_1_1_std": 0.17232898521843124,
  "role_counts_all": {
    "0": 18181,
    "1": 4475
  },
  "role_props_all": {
    "0": 0.8024805790960452,
    "1": 0.1975194209039548
  },
  "role_counts_by_agent": {
    "drone0": {
      "0": 10560,
      "1": 768
    },
    "drone1": {
      "1": 3707,
      "0": 7621
    }
  },
  "role_props_by_agent": {
    "drone0": {
      "0": 0.9322033898305084,
      "1": 0.06779661016949153
    },
    "drone1": {
      "1": 0.3272422316384181,
      "0": 0.672757768361582
    }
  },
  "role_entropy": {
    "role_entropy_mean_all": 0.0025687602104603616,
    "role_entropy_std_all": 0.03509272356229181,
    "role_entropy_mean_by_agent": {
      "drone0": 0.0018867891778661765,
      "drone1": 0.0032507312430545463
    }
  },
  "role_episode_count": 500,
  "role_episode_preview": [
    {
      "role_0_fraction": 0.9207920792079208,
      "role_1_fraction": 0.07920792079207921,
      "role_entropy_mean_episode": 1.930862170498636e-06,
      "role_entropy_std_episode": 2.737428993640611e-05,
      "role_switches_total": 1,
      "role_switch_rate_episode": 0.0049504950495049506,
      "role_0_search_rate": 0.8763440860215054,
      "role_1_search_rate": 0.25,
      "role_0_stay_rate": 0.8709677419354839,
      "role_1_stay_rate": 0.1875,
      "role_0_backtrack_rate": 0.0,
      "role_1_backtrack_rate": 0.0,
      "role_0_visit_prob_mean": 0.05336076640265998,
      "role_1_visit_prob_mean": 0.07565089495772936,
      "role_0_search_prob_mean": 0.05882879771703591,
      "role_1_search_prob_mean": 0.292771078646183,
      "role_pair_dist_0_0_mean": 0.14395374091176225,
      "role_pair_dist_0_1_mean": 15.250225742111937,
      "role_pair_dist_1_1_mean": NaN,
      "role_pair_close_rate_0_0": 0.9882352941176471,
      "role_pair_close_rate_0_1": 0.0,
      "role_pair_close_rate_1_1": NaN,
      "role_pair_same_cell_rate_0_0": 0.8705882352941177,
      "role_pair_same_cell_rate_0_1": 0.0,
      "role_pair_same_cell_rate_1_1": NaN,
      "episode_idx": 0
    },
    {
      "role_0_fraction": 1.0,
      "role_1_fraction": 0.0,
      "role_entropy_mean_episode": 2.8631110016483755e-11,
      "role_entropy_std_episode": 3.2311742677852644e-27,
      "role_switches_total": 0,
      "role_switch_rate_episode": 0.0,
      "role_0_search_rate": 0.05,
      "role_1_search_rate": NaN,
      "role_0_stay_rate": 0.0,
      "role_1_stay_rate": NaN,
      "role_0_backtrack_rate": 0.0,
      "role_1_backtrack_rate": NaN,
      "role_0_visit_prob_mean": 0.022535505278216135,
      "role_1_visit_prob_mean": NaN,
      "role_0_search_prob_mean": 0.4266180992126465,
      "role_1_search_prob_mean": NaN,
      "role_pair_dist_0_0_mean": 15.206254948504277,
      "role_pair_dist_0_1_mean": NaN,
      "role_pair_dist_1_1_mean": NaN,
      "role_pair_close_rate_0_0": 0.0,
      "role_pair_close_rate_0_1": NaN,
      "role_pair_close_rate_1_1": NaN,
      "role_pair_same_cell_rate_0_0": 0.0,
      "role_pair_same_cell_rate_0_1": NaN,
      "role_pair_same_cell_rate_1_1": NaN,
      "episode_idx": 1
    },
    {
      "role_0_fraction": 0.5294117647058824,
      "role_1_fraction": 0.47058823529411764,
      "role_entropy_mean_episode": 2.8631110016483755e-11,
      "role_entropy_std_episode": 3.2311742677852644e-27,
      "role_switches_total": 1,
      "role_switch_rate_episode": 0.029411764705882353,
      "role_0_search_rate": 0.05555555555555555,
      "role_1_search_rate": 0.0,
      "role_0_stay_rate": 0.0,
      "role_1_stay_rate": 0.0,
      "role_0_backtrack_rate": 0.0,
      "role_1_backtrack_rate": 0.0,
      "role_0_visit_prob_mean": 0.019673671778762686,
      "role_1_visit_prob_mean": 0.007699882246967641,
      "role_0_search_prob_mean": 0.2368396669626236,
      "role_1_search_prob_mean": NaN,
      "role_pair_dist_0_0_mean": 1.0,
      "role_pair_dist_0_1_mean": 15.1755973094827,