{
  "summary": {
    "n_episodes": 500,
    "success_rate": 0.592,
    "reward_mean": 1.0598800000000002,
    "reward_median": 1.6666666666666667,
    "reward_p10": 0.0,
    "reward_p50": 1.6666666666666667,
    "reward_p90": 1.8933333333333333,
    "steps_mean": 80.818,
    "steps_median": 51.0,
    "steps_p10": 17.0,
    "steps_p50": 51.0,
    "steps_p90": 151.0,
    "time_to_find_mean": 32.44932432432432,
    "time_to_find_median": 24.5,
    "time_to_find_p10": 15.0,
    "time_to_find_p50": 24.5,
    "time_to_find_p90": 63.5,
    "unique_cells_total_mean": 80.648,
    "revisit_fraction_mean": 0.529969941073919,
    "mean_revisit_gap_mean": 0.9650942938739834,
    "search_actions_mean": 216.246,
    "repeated_search_fraction_mean": 0.6949177301826088,
    "co_occupancy_fraction_mean": 0.506619344827142,
    "mean_pairwise_distance_mean": 9.716297414306446,
    "mean_prob_at_visit_mean": 0.010094363077837738,
    "mean_prob_at_search_mean": 0.027052278077342486,
    "entropy_drop_mean": -3.1553602130742506,
    "backtrack_rate_mean": 0.009243120391143209,
    "stay_rate_mean": 0.45718164926211263
  },
  "run_info": {
    "checkpoint": "/vol/fob-vol1/nebenf23/baierluc/Sunny_Master/marl-dsse-roles/logs_roles/ppo_cnn_roles_s4_new_config/ray_res/DSSE_PPO_CNN_R3DM/PPO_CNN_R3DM/PPO_DSSE_PPO_CNN_R3DM_974ca_00000_0_2026-05-01_09-23-03/checkpoint_000178",
    "scenario": "configs/scenarios/S4_medium_30x30_4drones_highDisp.json",
    "model": "CNNModelR3DM"
  },
  "episodes_jsonl": "testresults/CNN_R3DM/_tmp/S4/eval_metrics_cnn_r3dm_PPO_CNN_R3DM_checkpoint_000178.jsonl",
  "role_0_fraction_mean": 0.4119192457552787,
  "role_0_fraction_std": 0.4061344319543433,
  "role_1_fraction_mean": 0.5880807542447213,
  "role_1_fraction_std": 0.4061344319543433,
  "role_entropy_mean_episode_mean": 0.003343125559330253,
  "role_entropy_mean_episode_std": 0.006703100720727608,
  "role_entropy_std_episode_mean": 0.02266906630864216,
  "role_entropy_std_episode_std": 0.029917896922223127,
  "role_switches_total_mean": 4.284,
  "role_switches_total_std": 7.10572614164098,
  "role_switch_rate_episode_mean": 0.017465509132887178,
  "role_switch_rate_episode_std": 0.027587040240483317,
  "role_0_search_rate_mean": 0.37717993742080624,
  "role_0_search_rate_std": 0.3775602834950895,
  "role_1_search_rate_mean": 0.2677360091386912,
  "role_1_search_rate_std": 0.2999421728547656,
  "role_0_stay_rate_mean": 0.38363171461835494,
  "role_0_stay_rate_std": 0.3780916716915932,
  "role_1_stay_rate_mean": 0.2619037779143208,
  "role_1_stay_rate_std": 0.30912608007959674,
  "role_0_backtrack_rate_mean": 0.012344482740314106,
  "role_0_backtrack_rate_std": 0.04427809188784405,
  "role_1_backtrack_rate_mean": 0.0063443417005216805,
  "role_1_backtrack_rate_std": 0.01662410121970147,
  "role_0_visit_prob_mean_mean": 0.005920414632385396,
  "role_0_visit_prob_mean_std": 0.005679108833863793,
  "role_1_visit_prob_mean_mean": 0.00793260416953294,
  "role_1_visit_prob_mean_std": 0.011284645873012181,
  "role_0_search_prob_mean_mean": 0.017392675819073708,
  "role_0_search_prob_mean_std": 0.019887799021742977,
  "role_1_search_prob_mean_mean": 0.03249442307922679,
  "role_1_search_prob_mean_std": 0.04705492149984796,
  "role_pair_dist_0_0_mean_mean": 8.029925175259022,
  "role_pair_dist_0_0_mean_std": 9.016500140606512,
  "role_pair_dist_0_1_mean_mean": 22.219918463930817,
  "role_pair_dist_0_1_mean_std": 6.881120460547844,
  "role_pair_dist_1_1_mean_mean": 10.911294274902879,
  "role_pair_dist_1_1_mean_std": 7.636946318626293,
  "role_pair_close_rate_0_0_mean": 0.5302128003170266,
  "role_pair_close_rate_0_0_std": 0.3885506869168183,
  "role_pair_close_rate_0_1_mean": 0.03277993765050077,
  "role_pair_close_rate_0_1_std": 0.11074968331371432,
  "role_pair_close_rate_1_1_mean": 0.3391967683158764,
  "role_pair_close_rate_1_1_std": 0.3517077281703888,
  "role_pair_same_cell_rate_0_0_mean": 0.43945727780150995,
  "role_pair_same_cell_rate_0_0_std": 0.3855129182402182,
  "role_pair_same_cell_rate_0_1_mean": 0.001097520603711758,
  "role_pair_same_cell_rate_0_1_std": 0.006263251586058122,
  "role_pair_same_cell_rate_1_1_mean": 0.25500777347346415,
  "role_pair_same_cell_rate_1_1_std": 0.31729191110322447,
  "role_counts_all": {
    "0": 82335,
    "1": 79301
  },
  "role_props_all": {
    "0": 0.5093852854562102,
    "1": 0.49061471454378974
  },
  "role_counts_by_agent": {
    "drone0": {
      "0": 21799,
      "1": 18610
    },
    "drone1": {
      "0": 22448,
      "1": 17961
    },
    "drone2": {
      "0": 20250,
      "1": 20159
    },
    "drone3": {
      "1": 22571,
      "0": 17838
    }
  },
  "role_props_by_agent": {
    "drone0": {
      "0": 0.5394590314038952,
      "1": 0.4605409685961048
    },
    "drone1": {
      "0": 0.5555198099433295,
      "1": 0.44448019005667055
    },
    "drone2": {
      "0": 0.5011259867851221,
      "1": 0.4988740132148779
    },
    "drone3": {
      "1": 0.5585636863075057,
      "0": 0.44143631369249425
    }
  },
  "role_entropy": {
    "role_entropy_mean_all": 0.0033308690071212734,
    "role_entropy_std_all": 0.038509281758915985,
    "role_entropy_mean_by_agent": {
      "drone0": 0.0033835795169173074,
      "drone1": 0.0033600232970969414,
      "drone2": 0.0036080130960120162,
      "drone3": 0.0029718601184588254
    }
  },
  "role_episode_count": 500,
  "role_episode_preview": [
    {
      "role_0_fraction": 0.9751655629139073,
      "role_1_fraction": 0.024834437086092714,
      "role_entropy_mean_episode": 4.5885888004935056e-07,
      "role_entropy_std_episode": 1.0825975339477774e-05,
      "role_switches_total": 1,
      "role_switch_rate_episode": 0.0016556291390728477,
      "role_0_search_rate": 0.830220713073005,
      "role_1_search_rate": 0.0,
      "role_0_stay_rate": 0.831918505942275,
      "role_1_stay_rate": 0.0,
      "role_0_backtrack_rate": 0.013582342954159592,
      "role_1_backtrack_rate": 0.0,
      "role_0_visit_prob_mean": 0.008467721239590427,
      "role_1_visit_prob_mean": 3.7605178519514935e-09,
      "role_0_search_prob_mean": 0.008427588373864477,
      "role_1_search_prob_mean": NaN,
      "role_pair_dist_0_0_mean": 2.008048393145865,
      "role_pair_dist_0_1_mean": 22.36808536799602,
      "role_pair_dist_1_1_mean": NaN,
      "role_pair_close_rate_0_0": 0.8873403019744484,
      "role_pair_close_rate_0_1": 0.0,
      "role_pair_close_rate_1_1": NaN,
      "role_pair_same_cell_rate_0_0": 0.2857142857142857,
      "role_pair_same_cell_rate_0_1": 0.0,
      "role_pair_same_cell_rate_1_1": NaN,
      "episode_idx": 0
    },
    {
      "role_0_fraction": 0.8214285714285714,
      "role_1_fraction": 0.17857142857142858,
      "role_entropy_mean_episode": 6.909270459858309e-05,
      "role_entropy_std_episode": 0.0006249099265578153,
      "role_switches_total": 1,
      "role_switch_rate_episode": 0.011904761904761904,
      "role_0_search_rate": 0.08695652173913043,
      "role_1_search_rate": 0.0,
      "role_0_stay_rate": 0.13043478260869565,
      "role_1_stay_rate": 0.0,
      "role_0_backtrack_rate": 0.0,
      "role_1_backtrack_rate": 0.0,
      "role_0_visit_prob_mean": 0.00741781370896708,
      "role_1_visit_prob_mean": 2.420628380162056e-07,
      "role_0_search_prob_mean": 0.029420430461565655,
      "role_1_search_prob_mean": NaN,
      "role_pair_dist_0_0_mean": 13.57092432121512,
      "role_pair_dist_0_1_mean": 22.54403250953784,
      "role_pair_dist_1_1_mean": NaN,
      "role_pair_close_rate_0_0": 0.07407407407407407,
      "role_pair_close_rate_0_1": 0.0,
      "role_pair_close_rate_1_1": NaN,
      "role_pair_same_cell_rate_0_0": 0.07407407407407407,
      "role_pair_same_cell_rate_0_1": 0.0,
      "role_pair_same_cell_rate_1_1": NaN,
      "episode_idx": 1
    },
    {
      "role_0_fraction": 0.7159090909090909,
      "role_1_fraction": 0.2840909090909091,
      "role_entropy_mean_episode": 0.003737174387392127,
      "role_entropy_std_episode": 0.02916838328943327,