{
  "summary": {
    "n_episodes": 500,
    "success_rate": 0.752,
    "reward_mean": 1.37604,
    "reward_median": 1.8266666666666667,
    "reward_p10": 0.0,
    "reward_p50": 1.8266666666666667,
    "reward_p90": 1.94,
    "steps_mean": 57.394,
    "steps_median": 27.0,
    "steps_p10": 10.0,
    "steps_p50": 27.0,
    "steps_p90": 151.0,
    "time_to_find_mean": 26.523936170212767,
    "time_to_find_median": 21.0,
    "time_to_find_p10": 9.5,
    "time_to_find_p50": 21.0,
    "time_to_find_p90": 48.5,
    "unique_cells_total_mean": 75.65,
    "revisit_fraction_mean": 0.3844608653074159,
    "mean_revisit_gap_mean": 1.0672495114291998,
    "search_actions_mean": 107.48,
    "repeated_search_fraction_mean": 0.5929735611139182,
    "co_occupancy_fraction_mean": 0.35399790648440393,
    "mean_pairwise_distance_mean": 13.283541045314385,
    "mean_prob_at_visit_mean": 0.022396790004959925,
    "mean_prob_at_search_mean": 0.11477480310026934,
    "entropy_drop_mean": -3.1512396247939076,
    "backtrack_rate_mean": 0.03482602350676768,
    "stay_rate_mean": 0.29473742599443503
  },
  "run_info": {
    "checkpoint": "/vol/fob-vol1/nebenf23/baierluc/Sunny_Master/marl-dsse-roles/logs_roles/ppo_cnn_S3_new_config/ray_res/DSSE_PPO_CNN_R3DM/PPO_CNN_R3DM/PPO_DSSE_PPO_CNN_R3DM_c8392_00000_0_2026-04-29_10-45-32/checkpoint_000175",
    "scenario": "configs/scenarios/S3_medium_30x30_4drones_lowDisp.json",
    "model": "CNNModelR3DM"
  },
  "episodes_jsonl": "testresults/CNN_R3DM/_tmp/S3/eval_metrics_cnn_r3dm_PPO_CNN_R3DM_checkpoint_000175.jsonl",
  "role_0_fraction_mean": 0.6003688111828241,
  "role_0_fraction_std": 0.2935938075946558,
  "role_1_fraction_mean": 0.3996311888171759,
  "role_1_fraction_std": 0.2935938075946558,
  "role_entropy_mean_episode_mean": 0.0033653884529547227,
  "role_entropy_mean_episode_std": 0.005971186459507027,
  "role_entropy_std_episode_mean": 0.024189110422446144,
  "role_entropy_std_episode_std": 0.03049759352991146,
  "role_switches_total_mean": 4.158,
  "role_switches_total_std": 7.20284915849277,
  "role_switch_rate_episode_mean": 0.02586816063266089,
  "role_switch_rate_episode_std": 0.027195440785593522,
  "role_0_search_rate_mean": 0.24422166547899637,
  "role_0_search_rate_std": 0.2632433547474911,
  "role_1_search_rate_mean": 0.12543407500220288,
  "role_1_search_rate_std": 0.22217891917058388,
  "role_0_stay_rate_mean": 0.26299882892140725,
  "role_0_stay_rate_std": 0.2839714295835728,
  "role_1_stay_rate_mean": 0.11962691423502274,
  "role_1_stay_rate_std": 0.21862622430557585,
  "role_0_backtrack_rate_mean": 0.03398074621476751,
  "role_0_backtrack_rate_std": 0.09702367714879195,
  "role_1_backtrack_rate_mean": 0.009499122385388399,
  "role_1_backtrack_rate_std": 0.04144132555723872,
  "role_0_visit_prob_mean_mean": 0.020881831129992576,
  "role_0_visit_prob_mean_std": 0.022251307534323552,
  "role_1_visit_prob_mean_mean": 0.01313617642648912,
  "role_1_visit_prob_mean_std": 0.02208203561348993,
  "role_0_search_prob_mean_mean": 0.10623283140909433,
  "role_0_search_prob_mean_std": 0.12187808132750921,
  "role_1_search_prob_mean_mean": 0.1338787942857693,
  "role_1_search_prob_mean_std": 0.18136557338263362,
  "role_pair_dist_0_0_mean_mean": 9.692573015651247,
  "role_pair_dist_0_0_mean_std": 8.301111294351205,
  "role_pair_dist_0_1_mean_mean": 20.91772723258337,
  "role_pair_dist_0_1_mean_std": 5.014888682968128,
  "role_pair_dist_1_1_mean_mean": 16.295093951041604,
  "role_pair_dist_1_1_mean_std": 8.098649202217658,
  "role_pair_close_rate_0_0_mean": 0.3297396770905623,
  "role_pair_close_rate_0_0_std": 0.36823028305331473,
  "role_pair_close_rate_0_1_mean": 0.013392230981176423,
  "role_pair_close_rate_0_1_std": 0.05188604674222666,
  "role_pair_close_rate_1_1_mean": 0.17429041314842475,
  "role_pair_close_rate_1_1_std": 0.3169877367797693,
  "role_pair_same_cell_rate_0_0_mean": 0.24432437469882984,
  "role_pair_same_cell_rate_0_0_std": 0.33388934222646444,
  "role_pair_same_cell_rate_0_1_mean": 0.0008551894736575489,
  "role_pair_same_cell_rate_0_1_std": 0.004995985294355535,
  "role_pair_same_cell_rate_1_1_mean": 0.12728924803640182,
  "role_pair_same_cell_rate_1_1_std": 0.2660555190928383,
  "role_counts_all": {
    "0": 79355,
    "1": 35433
  },
  "role_props_all": {
    "0": 0.6913179077952399,
    "1": 0.30868209220476006
  },
  "role_counts_by_agent": {
    "drone0": {
      "0": 18142,
      "1": 10555
    },
    "drone1": {
      "0": 24048,
      "1": 4649
    },
    "drone2": {
      "1": 12478,
      "0": 16219
    },
    "drone3": {
      "0": 20946,
      "1": 7751
    }
  },
  "role_props_by_agent": {
    "drone0": {
      "0": 0.6321915182771718,
      "1": 0.36780848172282815
    },
    "drone1": {
      "0": 0.8379970031710632,
      "1": 0.16200299682893682
    },
    "drone2": {
      "1": 0.43481897062410707,
      "0": 0.565181029375893
    },
    "drone3": {
      "0": 0.7299020803568317,
      "1": 0.27009791964316826
    }
  },
  "role_entropy": {
    "role_entropy_mean_all": 0.003148700064897247,
    "role_entropy_std_all": 0.03858738131721475,
    "role_entropy_mean_by_agent": {
      "drone0": 0.003674031837357417,
      "drone1": 0.0016792302115974747,
      "drone2": 0.003124293635821496,
      "drone3": 0.004117244574812597
    }
  },
  "role_episode_count": 500,
  "role_episode_preview": [
    {
      "role_0_fraction": 0.7666666666666667,
      "role_1_fraction": 0.23333333333333334,
      "role_entropy_mean_episode": 5.240246695157936e-07,
      "role_entropy_std_episode": 3.988991201259586e-06,
      "role_switches_total": 2,
      "role_switch_rate_episode": 0.03333333333333333,
      "role_0_search_rate": 0.0,
      "role_1_search_rate": 0.14285714285714285,
      "role_0_stay_rate": 0.0,
      "role_1_stay_rate": 0.07142857142857142,
      "role_0_backtrack_rate": 0.0,
      "role_1_backtrack_rate": 0.0,
      "role_0_visit_prob_mean": 5.887600677085437e-06,
      "role_1_visit_prob_mean": 0.026057100118402707,
      "role_0_search_prob_mean": NaN,
      "role_1_search_prob_mean": 0.15886102803051472,
      "role_pair_dist_0_0_mean": 21.24379799592015,
      "role_pair_dist_0_1_mean": 21.173810140039727,
      "role_pair_dist_1_1_mean": NaN,
      "role_pair_close_rate_0_0": 0.0,
      "role_pair_close_rate_0_1": 0.0,
      "role_pair_close_rate_1_1": NaN,
      "role_pair_same_cell_rate_0_0": 0.0,
      "role_pair_same_cell_rate_0_1": 0.0,
      "role_pair_same_cell_rate_1_1": NaN,
      "episode_idx": 0
    },
    {
      "role_0_fraction": 0.8863636363636364,
      "role_1_fraction": 0.11363636363636363,
      "role_entropy_mean_episode": 2.3045441153226722e-08,
      "role_entropy_std_episode": 2.09825493266026e-07,
      "role_switches_total": 1,
      "role_switch_rate_episode": 0.011363636363636364,
      "role_0_search_rate": 0.08974358974358974,
      "role_1_search_rate": 0.0,
      "role_0_stay_rate": 0.07692307692307693,
      "role_1_stay_rate": 0.0,
      "role_0_backtrack_rate": 0.0641025641025641,
      "role_1_backtrack_rate": 0.0,
      "role_0_visit_prob_mean": 0.005444582829000472,
      "role_1_visit_prob_mean": 0.0,
      "role_0_search_prob_mean": 0.04721949238989761,
      "role_1_search_prob_mean": NaN,
      "role_pair_dist_0_0_mean": 16.26034757909916,
      "role_pair_dist_0_1_mean": 25.915944992445663,
      "role_pair_dist_1_1_mean": NaN,
      "role_pair_close_rate_0_0": 0.0,
      "role_pair_close_rate_0_1": 0.0,
      "role_pair_close_rate_1_1": NaN,
      "role_pair_same_cell_rate_0_0": 0.0,
      "role_pair_same_cell_rate_0_1": 0.0,
      "role_pair_same_cell_rate_1_1": NaN,
      "episode_idx": 1
    },
    {
      "role_0_fraction": 0.9486754966887417,
      "role_1_fraction": 0.05132450331125828,
      "role_entropy_mean_episode": 0.0015501712784159467,
      "role_entropy_std_episode": 0.02456293950509567,
      "role_switches_total": 9,
      "role_switch_rate_episode": 0.014900662251655629,
      "role_0_search_rate": 0.3089005235602094,