{
  "summary": {
    "n_episodes": 500,
    "success_rate": 0.816,
    "reward_mean": 1.51102,
    "reward_median": 1.87,
    "reward_p10": 0.0,
    "reward_p50": 1.87,
    "reward_p90": 1.95,
    "steps_mean": 31.498,
    "steps_median": 14.0,
    "steps_p10": 6.0,
    "steps_p50": 14.0,
    "steps_p90": 101.0,
    "time_to_find_mean": 15.825980392156863,
    "time_to_find_median": 12.0,
    "time_to_find_p10": 5.0,
    "time_to_find_p50": 12.0,
    "time_to_find_p90": 28.0,
    "unique_cells_total_mean": 25.176,
    "revisit_fraction_mean": 0.31225109100493886,
    "mean_revisit_gap_mean": 0.9356235336629612,
    "search_actions_mean": 36.652,
    "repeated_search_fraction_mean": 0.40243468811239574,
    "co_occupancy_fraction_mean": 0.17697539236583923,
    "mean_pairwise_distance_mean": 12.923018920872526,
    "mean_prob_at_visit_mean": 0.027051628369766337,
    "mean_prob_at_search_mean": 0.08755976209679205,
    "entropy_drop_mean": -1.8550005334694852,
    "backtrack_rate_mean": 0.0010554890277223396,
    "stay_rate_mean": 0.2957288226693269
  },
  "run_info": {
    "checkpoint": "/vol/fob-vol1/nebenf23/baierluc/Sunny_Master/marl-dsse-roles/logs_roles/ppo_cnn_roles_s2_cl/ray_res/DSSE_PPO_CNN_R3DM/PPO_CNN_R3DM/PPO_DSSE_PPO_CNN_R3DM_a225c_00000_0_2026-04-26_22-00-55/checkpoint_000176",
    "scenario": "configs/scenarios/S2_small_20x20_2drones_highDisp.json",
    "model": "CNNModelR3DM"
  },
  "episodes_jsonl": "testresults/CNN_R3DM/_tmp/S2/eval_metrics_cnn_r3dm_PPO_CNN_R3DM_checkpoint_000176.jsonl",
  "role_0_fraction_mean": 0.3451189678149731,
  "role_0_fraction_std": 0.3353927283866975,
  "role_1_fraction_mean": 0.654881032185027,
  "role_1_fraction_std": 0.3353927283866975,
  "role_entropy_mean_episode_mean": 0.004324479495015782,
  "role_entropy_mean_episode_std": 0.009145743007444713,
  "role_entropy_std_episode_mean": 0.020535740481219228,
  "role_entropy_std_episode_std": 0.03738583450058766,
  "role_switches_total_mean": 1.498,
  "role_switches_total_std": 1.7233676334433115,
  "role_switch_rate_episode_mean": 0.040710918908856086,
  "role_switch_rate_episode_std": 0.05184648326613519,
  "role_0_search_rate_mean": 0.04605899569280771,
  "role_0_search_rate_std": 0.11668847176597744,
  "role_1_search_rate_mean": 0.37644348393815413,
  "role_1_search_rate_std": 0.32371215586498336,
  "role_0_stay_rate_mean": 0.028132920007528463,
  "role_0_stay_rate_std": 0.10129821724094762,
  "role_1_stay_rate_mean": 0.3091993009276965,
  "role_1_stay_rate_std": 0.3503691107359956,
  "role_0_backtrack_rate_mean": 4.246645150331238e-05,
  "role_0_backtrack_rate_std": 0.0008546208509214418,
  "role_1_backtrack_rate_mean": 0.0012969064656388467,
  "role_1_backtrack_rate_std": 0.01257421269097223,
  "role_0_visit_prob_mean_mean": 0.010884169653376569,
  "role_0_visit_prob_mean_std": 0.03265641600489386,
  "role_1_visit_prob_mean_mean": 0.027011848705177394,
  "role_1_visit_prob_mean_std": 0.023653264387045535,
  "role_0_search_prob_mean_mean": 0.15660011700355156,
  "role_0_search_prob_mean_std": 0.1158155974944113,
  "role_1_search_prob_mean_mean": 0.08208096376818534,
  "role_1_search_prob_mean_std": 0.061869917006940195,
  "role_pair_dist_0_0_mean_mean": 20.545283644048116,
  "role_pair_dist_0_0_mean_std": 4.425334921716845,
  "role_pair_dist_0_1_mean_mean": 16.79713098346058,
  "role_pair_dist_0_1_mean_std": 5.379342259641148,
  "role_pair_dist_1_1_mean_mean": 8.182469845212411,
  "role_pair_dist_1_1_mean_std": 7.527284047734483,
  "role_pair_close_rate_0_0_mean": 0.027156544851651344,
  "role_pair_close_rate_0_0_std": 0.10716759697036923,
  "role_pair_close_rate_0_1_mean": 0.001558872305140962,
  "role_pair_close_rate_0_1_std": 0.017153272025018217,
  "role_pair_close_rate_1_1_mean": 0.3437567975547599,
  "role_pair_close_rate_1_1_std": 0.4123738850038981,
  "role_pair_same_cell_rate_0_0_mean": 0.016810844566293864,
  "role_pair_same_cell_rate_0_0_std": 0.08008035742709498,
  "role_pair_same_cell_rate_0_1_mean": 0.0,
  "role_pair_same_cell_rate_0_1_std": 0.0,
  "role_pair_same_cell_rate_1_1_mean": 0.2588394275523617,
  "role_pair_same_cell_rate_1_1_std": 0.3922106037860714,
  "role_counts_all": {
    "1": 25928,
    "0": 5570
  },
  "role_props_all": {
    "1": 0.8231633754524097,
    "0": 0.17683662454759033
  },
  "role_counts_by_agent": {
    "drone0": {
      "1": 13210,
      "0": 2539
    },
    "drone1": {
      "1": 12718,
      "0": 3031
    }
  },
  "role_props_by_agent": {
    "drone0": {
      "1": 0.8387834148199885,
      "0": 0.16121658518001142
    },
    "drone1": {
      "1": 0.8075433360848308,
      "0": 0.19245666391516922
    }
  },
  "role_entropy": {
    "role_entropy_mean_all": 0.0027158389022534897,
    "role_entropy_std_all": 0.03495222672782186,
    "role_entropy_mean_by_agent": {
      "drone0": 0.0027663276056900965,
      "drone1": 0.002665350198816882
    }
  },
  "role_episode_count": 500,
  "role_episode_preview": [
    {
      "role_0_fraction": 0.0,
      "role_1_fraction": 1.0,
      "role_entropy_mean_episode": 2.8631110016483755e-11,
      "role_entropy_std_episode": 3.2311742677852644e-27,
      "role_switches_total": 0,
      "role_switch_rate_episode": 0.0,
      "role_0_search_rate": NaN,
      "role_1_search_rate": 0.1,
      "role_0_stay_rate": NaN,
      "role_1_stay_rate": 0.05,
      "role_0_backtrack_rate": NaN,
      "role_1_backtrack_rate": 0.0,
      "role_0_visit_prob_mean": NaN,
      "role_1_visit_prob_mean": 0.01813276149802804,
      "role_0_search_prob_mean": NaN,
      "role_1_search_prob_mean": 0.09963510558009148,
      "role_pair_dist_0_0_mean": NaN,
      "role_pair_dist_0_1_mean": NaN,
      "role_pair_dist_1_1_mean": 18.976245027438676,
      "role_pair_close_rate_0_0": NaN,
      "role_pair_close_rate_0_1": NaN,
      "role_pair_close_rate_1_1": 0.0,
      "role_pair_same_cell_rate_0_0": NaN,
      "role_pair_same_cell_rate_0_1": NaN,
      "role_pair_same_cell_rate_1_1": 0.0,
      "episode_idx": 0
    },
    {
      "role_0_fraction": 1.0,
      "role_1_fraction": 0.0,
      "role_entropy_mean_episode": 2.8631110016483755e-11,
      "role_entropy_std_episode": 3.2311742677852644e-27,
      "role_switches_total": 0,
      "role_switch_rate_episode": 0.0,
      "role_0_search_rate": 0.2,
      "role_1_search_rate": NaN,
      "role_0_stay_rate": 0.1,
      "role_1_stay_rate": NaN,
      "role_0_backtrack_rate": 0.0,
      "role_1_backtrack_rate": NaN,
      "role_0_visit_prob_mean": 0.05784970574659383,
      "role_1_visit_prob_mean": NaN,
      "role_0_search_prob_mean": 0.20966800302267075,
      "role_1_search_prob_mean": NaN,
      "role_pair_dist_0_0_mean": 23.763367678862945,
      "role_pair_dist_0_1_mean": NaN,
      "role_pair_dist_1_1_mean": NaN,
      "role_pair_close_rate_0_0": 0.0,
      "role_pair_close_rate_0_1": NaN,
      "role_pair_close_rate_1_1": NaN,
      "role_pair_same_cell_rate_0_0": 0.0,
      "role_pair_same_cell_rate_0_1": NaN,
      "role_pair_same_cell_rate_1_1": NaN,
      "episode_idx": 1
    },
    {
      "role_0_fraction": 0.25,
      "role_1_fraction": 0.75,
      "role_entropy_mean_episode": 5.168603932677803e-11,
      "role_entropy_std_episode": 1.0049410701404662e-10,
      "role_switches_total": 1,
      "role_switch_rate_episode": 0.05,
      "role_0_search_rate": 0.0,
      "role_1_search_rate": 0.06666666666666667,
      "role_0_stay_rate": 0.0,
      "role_1_stay_rate": 0.0,
      "role_0_backtrack_rate": 0.0,
      "role_1_backtrack_rate": 0.0,
      "role_0_visit_prob_mean": 9.556254292159255e-10,
      "role_1_visit_prob_mean": 0.014495549822235923,
      "role_0_search_prob_mean": NaN,
      "role_1_search_prob_mean": 0.10870497673749924,
      "role_pair_dist_0_0_mean": NaN,
      "role_pair_dist_0_1_mean": 21.645438843107048,
      "role_pair_dist_1_1_mean": 9.211588963043365,
      "role_pair_close_rate_0_0": NaN,
      "role_pair_close_rate_0_1": 0.0,
      "role_pair_close_rate_1_1": 0.0,
      "role_pair_same_cell_rate_0_0": NaN,