{
  "run_name": "ppo_cnn_roles_s6",
  "run_dir": "/vol/fob-vol1/nebenf23/baierluc/Sunny_Master/marl-dsse-roles/logs_roles/ppo_cnn_roles_s6_prev_role_coll/ray_res/DSSE_PPO_CNN_R3DM/PPO_CNN_R3DM/PPO_DSSE_PPO_CNN_R3DM_34e71_00000_0_2026-05-09_20-30-51",
  "plots_dir": "/vol/fob-vol1/nebenf23/baierluc/Sunny_Master/marl-dsse-roles/logs_roles/pics/ppo_cnn_roles_s6",
  "x_col": "timesteps_total",
  "episode_reward_mean": {
    "column": "env_runners/episode_reward_mean",
    "last": 1.3536082474226805,
    "max": 1.6198590381426203,
    "min": 0.0350531914893617,
    "mean": 1.3217896076168458
  },
  "episode_reward_max": {
    "column": "env_runners/episode_reward_max",
    "last": 2.0,
    "max": 2.0,
    "min": 1.785,
    "mean": 1.9911679644048943
  },
  "episode_reward_min": {
    "column": "env_runners/episode_reward_min",
    "last": 0.0,
    "max": 0.0,
    "min": 0.0,
    "mean": 0.0
  },
  "episode_len_mean": {
    "column": "env_runners/episode_len_mean",
    "last": 91.61855670103093,
    "max": 198.77005347593584,
    "min": 56.99183006535948,
    "mean": 91.22229853259667
  },
  "episodes_this_iter": {
    "column": "env_runners/episodes_this_iter",
    "last": 388.0,
    "max": 612.0,
    "min": 187.0,
    "mean": 406.45606229143493
  },
  "total_loss": {
    "column": "info/learner/shared_policy/learner_stats/total_loss",
    "last": 0.0041929215104889,
    "max": 0.0317914828545846,
    "min": -0.0353896231702065,
    "mean": 0.00660150058768601
  },
  "policy_loss": {
    "column": "info/learner/shared_policy/learner_stats/policy_loss",
    "last": -0.0095518313243757,
    "max": 0.0004149446434416,
    "min": -0.0104376072930556,
    "mean": -0.007556995322825921
  },
  "vf_loss": {
    "column": "info/learner/shared_policy/learner_stats/vf_loss",
    "last": 0.0306069888573672,
    "max": 0.0584083901436039,
    "min": 0.0003494893068625,
    "mean": 0.03411537250106626
  },
  "vf_explained_var": {
    "column": "info/learner/shared_policy/learner_stats/vf_explained_var",
    "last": 0.1483619835303754,
    "max": 0.7005420238996038,
    "min": 0.0893628264069557,
    "mean": 0.17753159244545116
  },
  "kl": {
    "column": "info/learner/shared_policy/learner_stats/kl",
    "last": 0.0133863482235381,
    "max": 0.0199933308108125,
    "min": 0.0042417003218917,
    "mean": 0.010653732307878831
  },
  "entropy": {
    "column": "info/learner/shared_policy/learner_stats/entropy",
    "last": 1.2133914267530246,
    "max": 2.194081300196021,
    "min": 1.1457188495567867,
    "mean": 1.4017566238491692
  },
  "entropy_coeff": {
    "column": "info/learner/shared_policy/learner_stats/entropy_coeff",
    "last": 0.015,
    "max": 0.015,
    "min": 0.015,
    "mean": 0.015000000000000005
  },
  "grad_gnorm": {
    "column": "info/learner/shared_policy/learner_stats/grad_gnorm",
    "last": 8.003857,
    "max": 8.460281,
    "min": 0.2188034,
    "mean": 4.43696527265851
  },
  "cur_lr": {
    "column": "info/learner/shared_policy/learner_stats/cur_lr",
    "last": 3.162896874416673e-05,
    "max": 3.162896874416673e-05,
    "min": 3.162896874416672e-05,
    "mean": 3.1628968744166716e-05
  },
  "cur_kl_coeff": {
    "column": "info/learner/shared_policy/learner_stats/cur_kl_coeff",
    "last": 0.1,
    "max": 0.2,
    "min": 0.1,
    "mean": 0.10044493882091214
  },
  "policy_reward_mean_shared": {
    "column": "env_runners/policy_reward_mean/shared_policy",
    "last": 0.2256013745704467,
    "max": 0.2699765063571033,
    "min": 0.0058421985815602,
    "mean": 0.22029826793614093
  },
  "policy_reward_max_shared": {
    "column": "env_runners/policy_reward_max/shared_policy",
    "last": 2.0,
    "max": 2.0,
    "min": 1.785,
    "mean": 1.9911679644048943
  },
  "policy_reward_min_shared": {
    "column": "env_runners/policy_reward_min/shared_policy",
    "last": 0.0,
    "max": 0.0,
    "min": 0.0,
    "mean": 0.0
  },
  "sample_throughput": {
    "column": "num_env_steps_sampled_throughput_per_sec",
    "last": 188.87857282404093,
    "max": 208.2047043175908,
    "min": 121.79583990461458,
    "mean": 187.9817479825345
  },
  "train_throughput": {
    "column": "num_env_steps_trained_throughput_per_sec",
    "last": 188.87857282404093,
    "max": 208.2047043175908,
    "min": 121.79583990461458,
    "mean": 187.9817479825345
  },
  "learn_throughput": {
    "column": "timers/learn_throughput",
    "last": 222.229,
    "max": 229.07,
    "min": 147.36,
    "mean": 219.00690878754173
  },
  "cpu_util_percent": {
    "column": "perf/cpu_util_percent",
    "last": 18.790476190476195,
    "max": 36.03821138211382,
    "min": 13.840909090909092,
    "mean": 20.78936350777071
  },
  "ram_util_percent": {
    "column": "perf/ram_util_percent",
    "last": 11.739285714285716,
    "max": 68.66887159533074,
    "min": 5.3067615658362985,
    "mean": 15.980339279794899
  },
  "r3dm_aux_nce": {
    "column": "info/learner/shared_policy/learner_stats/r3dm/aux_nce",
    "last": 0.747674158542228,
    "max": 2.295304782703669,
    "min": 0.475630843060392,
    "mean": 0.7613003671197625
  },
  "r3dm_role_mi_proxy": {
    "column": "info/learner/shared_policy/learner_stats/r3dm/role_mi_proxy",
    "last": 0.5350726975470174,
    "max": 0.668726666625013,
    "min": 0.0008634958002302,
    "mean": 0.5085015183991692
  },
  "r3dm_role_entropy": {
    "column": "info/learner/shared_policy/learner_stats/r3dm/role_entropy",
    "last": 0.0048688666838012,
    "max": 0.691364417088275,
    "min": 0.0034160539456859,
    "mean": 0.05182331657117694
  },
  "r3dm_marginal_role_entropy": {
    "column": "info/learner/shared_policy/learner_stats/r3dm/marginal_role_entropy",
    "last": 0.539941564506414,
    "max": 0.6930521319715344,
    "min": 0.4419064055398567,
    "mean": 0.5603248349650379
  },
  "r3dm_mean_max_role_prob": {
    "column": "info/learner/shared_policy/learner_stats/r3dm/mean_max_role_prob",
    "last": 0.9979628694300748,
    "max": 0.9985699093218932,
    "min": 0.5226426547887374,
    "mean": 0.9721270204293945
  },
  "r3dm_intrinsic_abs_mean": {
    "column": "info/learner/shared_policy/learner_stats/r3dm/intrinsic_abs_mean",
    "last": 0.0,
    "max": 0.0,
    "min": 0.0,
    "mean": 0.0
  },
  "r3dm_intrinsic_max": {
    "column": "info/learner/shared_policy/learner_stats/r3dm/intrinsic_max",
    "last": 0.0,
    "max": 0.0,
    "min": 0.0,
    "mean": 0.0
  },
  "r3dm_intrinsic_min": {
    "column": "info/learner/shared_policy/learner_stats/r3dm/intrinsic_min",
    "last": 0.0,
    "max": 0.0,
    "min": 0.0,
    "mean": 0.0
  },
  "r3dm_gumbel_tau_learner": {
    "column": "info/learner/shared_policy/learner_stats/r3dm/gumbel_tau",
    "last": 0.5,
    "max": 1.5,
    "min": 0.5,
    "mean": 0.9171464556618465
  },
  "r3dm_gumbel_tau_callback": {
    "column": "r3dm_gumbel_tau_callback",
    "last": 0.5,
    "max": 1.49865696,
    "min": 0.5,
    "mean": 0.9160341086095661
  },
  "r3dm_role_ablation_mean_abs_logit_delta": {
    "column": "info/learner/shared_policy/learner_stats/r3dm/role_ablation_mean_abs_logit_delta",
    "last": 0.4550217447840438,
    "max": 0.4573155197593355,
    "min": 0.1060127674457953,
    "mean": 0.3085906313293536
  },
  "r3dm_role_ablation_max_abs_logit_delta": {
    "column": "info/learner/shared_policy/learner_stats/r3dm/role_ablation_max_abs_logit_delta",
    "last": 1.1665882977904103,
    "max": 1.1770460391781994,
    "min": 0.2558774084620869,
    "mean": 0.7890780265194345
  },
  "r3dm_role_ablation_mean_abs_logit_normal": {
    "column": "info/learner/shared_policy/learner_stats/r3dm/role_ablation_mean_abs_logit_normal",
    "last": 2.988658352287448,
    "max": 3.177526109488969,
    "min": 0.090823502770879,
    "mean": 2.26481507200976
  },
  "r3dm_role_ablation_mean_abs_logit_zero": {
    "column": "info/learner/shared_policy/learner_stats/r3dm/role_ablation_mean_abs_logit_zero",
    "last": 2.80601193637264,
    "max": 3.0068330609921325,
    "min": 0.0969875591346109,