{
  "summary": {
    "n_episodes": 500,
    "success_rate": 0.954,
    "reward_mean": 1.81392,
    "reward_median": 1.9133333333333333,
    "reward_p10": 1.7846666666666668,
    "reward_p50": 1.9133333333333333,
    "reward_p90": 1.9666666666666668,
    "steps_mean": 22.012,
    "steps_median": 14.0,
    "steps_p10": 6.0,
    "steps_p50": 14.0,
    "steps_p90": 33.30000000000007,
    "time_to_find_mean": 15.79245283018868,
    "time_to_find_median": 13.0,
    "time_to_find_p10": 6.0,
    "time_to_find_p50": 13.0,
    "time_to_find_p90": 26.0,
    "unique_cells_total_mean": 54.388,
    "revisit_fraction_mean": 0.151643218495945,
    "mean_revisit_gap_mean": 1.006661779585711,
    "search_actions_mean": 31.752,
    "repeated_search_fraction_mean": 0.31196430351348375,
    "co_occupancy_fraction_mean": 0.08275495499351966,
    "mean_pairwise_distance_mean": 19.43951230713541,
    "mean_prob_at_visit_mean": 0.028562917178513763,
    "mean_prob_at_search_mean": 0.2538609922312737,
    "entropy_drop_mean": -2.082591361066231,
    "backtrack_rate_mean": 5.5146425495262705e-05,
    "stay_rate_mean": 0.13764187474128106
  },
  "run_info": {
    "checkpoint": "/vol/fob-vol1/nebenf23/baierluc/Sunny_Master/marl-dsse-roles/logs_train/ppo_lstm_S3_new_config/ray_res/DSSE_PPO_LSTM/PPO_LSTM/PPO_DSSE_PPO_LSTM_0d8bb_00000_0_2026-04-28_12-00-14/checkpoint_000146",
    "scenario": "configs/scenarios/S3_medium_30x30_4drones_lowDisp.json",
    "model": "CNNLSTMModel"
  },
  "episodes_jsonl": "testresults/LSTM/_tmp/S3/eval_metrics_lstm_PPO_LSTM_checkpoint_000146.jsonl"
}