{
  "summary": {
    "n_episodes": 500,
    "success_rate": 0.95,
    "reward_mean": 1.8087733333333333,
    "reward_median": 1.92,
    "reward_p10": 1.7866666666666666,
    "reward_p50": 1.92,
    "reward_p90": 1.9673333333333336,
    "steps_mean": 22.184,
    "steps_median": 13.0,
    "steps_p10": 5.900000000000006,
    "steps_p50": 13.0,
    "steps_p90": 33.0,
    "time_to_find_mean": 15.40421052631579,
    "time_to_find_median": 13.0,
    "time_to_find_p10": 5.0,
    "time_to_find_p50": 13.0,
    "time_to_find_p90": 26.0,
    "unique_cells_total_mean": 53.498,
    "revisit_fraction_mean": 0.1518821770501762,
    "mean_revisit_gap_mean": 1.0078641315296186,
    "search_actions_mean": 34.614,
    "repeated_search_fraction_mean": 0.3011611964417414,
    "co_occupancy_fraction_mean": 0.0919352255703619,
    "mean_pairwise_distance_mean": 19.599706793094313,
    "mean_prob_at_visit_mean": 0.030095881891738875,
    "mean_prob_at_search_mean": 0.26875247252564877,
    "entropy_drop_mean": -2.059046318066501,
    "backtrack_rate_mean": 2.564102564102564e-05,
    "stay_rate_mean": 0.13906477488611807
  },
  "run_info": {
    "checkpoint": "/vol/fob-vol1/nebenf23/baierluc/Sunny_Master/marl-dsse-roles/logs_train/ppo_lstm_S3_new_config/ray_res/DSSE_PPO_LSTM/PPO_LSTM/PPO_DSSE_PPO_LSTM_0d8bb_00000_0_2026-04-28_12-00-14/checkpoint_000143",
    "scenario": "configs/scenarios/S3_medium_30x30_4drones_lowDisp.json",
    "model": "CNNLSTMModel"
  },
  "episodes_jsonl": "testresults/LSTM/_tmp/S3/eval_metrics_lstm_PPO_LSTM_checkpoint_000143.jsonl"
}